{"Drug": ["Naprosyn", "Nipro", "Anaprox", "Norinyl", "Pironil", "Lidex", "Synalar", "Nasalide"], "adbudg_min": [0.3093240571999417, 0.46938943073919825, 0.14819873476918824, 0.309580276919248, 0.4495863802734961, 0.5600386647753636, 0.5896361134826092, 0.15696692482829216], "adbudg_max": [1.6069658910428721, 1.524101336431937, 1.3425788347959025, 1.248045077102139, 1.0918162562718636, 1.2022363655862156, 1.1057967624086258, 1.7811627526969074], "c": [3.4626803901740812, 2.264448512912929, 2.817290621195802, 2.6184020694295973, 3.254369695925386, 2.089322123625, 3.245909576423809, 2.0454216794586406], "d": [0.8417607065124356, 0.8259554668144888, 0.3611700058903072, 0.31190276865844535, 0.16240365799714465, 0.39439364710776365, 0.21196288888445514, 0.6766930365597064]}