{"Drug": ["Naprosyn", "Nipro", "Anaprox", "Norinyl", "Pironil", "Lidex", "Synalar", "Nasalide"], "workforce_optimal": [270.5352676338169, 330.16508254127064, 171.68584292146073, 71.23561780890445, 36.8184092046023, 50.02501250625313, 30.815407703851925, 71.23561780890445], "profit_optimal": [221.19447491849775, 228.61979003265958, 12.951849365821186, 13.212073266405305, 26.468791772671658, 23.958270700428145, 6.167962364322946, 3.4880408876867532]}