{"Drug": ["Naprosyn", "Nipro", "Anaprox", "Norinyl", "Pironil", "Lidex", "Synalar", "Nasalide"], "workforce_optimal": [266.6666666666667, 331.31313131313135, 169.69696969696972, 72.72727272727273, 40.40404040404041, 48.484848484848484, 32.323232323232325, 72.72727272727273], "profit_optimal": [221.18760475885816, 228.6193739369487, 12.94997077509621, 13.209829761943242, 26.43560086538809, 23.954630464851903, 6.160230303515482, 3.4862786860086468]}