{"Drug": ["Naprosyn", "Nipro", "Anaprox", "Norinyl", "Pironil", "Lidex", "Synalar", "Nasalide"], "Optimal Salesforce": [220.2587404529077, 245.92097115519573, 117.45393845347091, 51.53074140756255, 29.491636367534056, 35.343972165914046, 0.0, 0.0], "Optimal Profit": [219.5492966322055, 225.8989137940731, 11.068354750999713, 12.552374697687224, 26.22648514339901, 23.481503248937162, 4.562604246128428, 0.9141753701999727], "Salesforce Change": [17.40297233015962, 25.7738532184013, 30.786071982776075, 29.145230564601498, 27.00819999035322, 27.10305740780228, 100.0, 100.0], "Profit Change": [0.7406871322824589, 1.189951707078804, 14.529886258237653, 4.9770139063419885, 0.7910382784711822, 1.9750971178993941, 25.93451833246122, 73.7779032448324]}