{"sf": [100.0, 134.0, 168.0, 202.0, 236.0, 270.0, 304.0, 338.0, 372.0, 406.0, 440.0], "mean": [151.92844757233232, 191.67370103869035, 209.79268219292499, 217.3983213267012, 220.31662242251159, 221.0414868259773, 220.66338842267513, 219.69135716031357, 218.37985846383603, 216.86423635159184, 215.22046685628888], "median": [151.50318681662668, 191.739617769863, 209.64338474021577, 217.18344706849626, 220.09098511417213, 220.94375338178546, 220.68310624857708, 219.73766168497133, 218.3542658984575, 216.79119121007272, 215.08061673085666], "std_dev": [3.590182363795151, 3.620393078299018, 3.5052553874995187, 3.3634705815345187, 3.3752255469028762, 3.4637746155253457, 3.565558468440759, 3.656313046402916, 3.7306871250831093, 3.78981437140345, 3.8364191229866003], "utility": [135.81668581570014, 175.28964348694606, 194.43416302843198, 203.257153385641, 206.0764380569293, 206.0443185920301, 204.77187943283812, 202.98057579369336, 200.98232543225993, 198.91087013947168, 196.8228272472673]}